DarrenORourke	Darren-O'Rourke.D.2020-02-08	https://data.oireachtas.ie/ie/oireachtas/member/id/Darren-O'Rourke.D.2020-02-08
CormacDevlin	Cormac-Devlin.D.2020-02-08	https://data.oireachtas.ie/ie/oireachtas/member/id/Cormac-Devlin.D.2020-02-08
JoeMcHugh	Joe-McHugh.S.2002-09-12	https://data.oireachtas.ie/ie/oireachtas/member/id/Joe-McHugh.S.2002-09-12
WillieODea	Willie-O'Dea.D.1982-03-09	https://data.oireachtas.ie/ie/oireachtas/member/id/Willie-O'Dea.D.1982-03-09
CatherineMartin	Catherine-Martin.D.2016-10-03	https://data.oireachtas.ie/ie/oireachtas/member/id/Catherine-Martin.D.2016-10-03
RichardBoydBarrett	Richard-Boyd-Barrett.D.2011-03-09	https://data.oireachtas.ie/ie/oireachtas/member/id/Richard-Boyd-Barrett.D.2011-03-09
